Workbook

Sheet nsiv.io
A1: NACA AIRFOIL
A2: NSIV.IO
A3: https://nsiv.io/
G5: M | H5: P | I5: XX
F6: 4 DIGIT = | G6: 2 | H6: 4 | I6: 12
G7: =G6/100 -> 0.02 | H7: =H6/10 -> 0.4 | I7: =I6/100 -> 0.12
A10: Camber / Cuerda | F10: Extrados | H10: Intrados
A11: Xc | B11: Yc | C11: dYc/dx | D11: Yt | E11: Theta | F11: Xu | G11: Yu | H11: Xl | I11: Yl
A12: 0 | B12: =IF(A12<$H$7,(($G$7/$H$7^2)*(2*$H$7*A12-A12^2)),(($G$7/(1-$H$7)^2)*(1-2*$H$7+2*$H$7*A12-A12^2))) -> 0 | C12: =IF(A12<$H$7,(2*$G$7/$H$7^2)*($H$7-A12),(2*$G$7/(1-$H$7)^2)*($H$7-A12)) -> 0.1 | D12: =($I$7/0.2)*(0.2969*A12^0.5-0.126*A12-0.3516*A12^2+0.2843*A12^3-0.1015*A12^4) -> 0 | E12: =ATAN(C12) -> 0.099668652 | F12: =A12-D12*SIN(E12) -> 0 | G12: =B12+D12*COS(E12) -> 0 | H12: =A12+D12*SIN(E12) -> 0 | I12: =B12-D12*COS(E12) -> 0
A13: 0.01 | B13: =IF(A13<$H$7,(($G$7/$H$7^2)*(2*$H$7*A13-A13^2)),(($G$7/(1-$H$7)^2)*(1-2*$H$7+2*$H$7*A13-A13^2))) -> 0.0009875 | C13: =IF(A13<$H$7,(2*$G$7/$H$7^2)*($H$7-A13),(2*$G$7/(1-$H$7)^2)*($H$7-A13)) -> 0.0975 | D13: =($I$7/0.2)*(0.2969*A13^0.5-0.126*A13-0.3516*A13^2+0.2843*A13^3-0.1015*A13^4) -> 0.017037074 | E13: =ATAN(C13) -> 0.097192797 | F13: =A13-D13*SIN(E13) -> 0.0083467249 | G13: =B13+D13*COS(E13) -> 0.017944167 | H13: =A13+D13*SIN(E13) -> 0.011653275 | I13: =B13-D13*COS(E13) -> -0.015969167
A14: 0.02 | B14: =IF(A14<$H$7,(($G$7/$H$7^2)*(2*$H$7*A14-A14^2)),(($G$7/(1-$H$7)^2)*(1-2*$H$7+2*$H$7*A14-A14^2))) -> 0.00195 | C14: =IF(A14<$H$7,(2*$G$7/$H$7^2)*($H$7-A14),(2*$G$7/(1-$H$7)^2)*($H$7-A14)) -> 0.095 | D14: =($I$7/0.2)*(0.2969*A14^0.5-0.126*A14-0.3516*A14^2+0.2843*A14^3-0.1015*A14^4) -> 0.023597771 | E14: =ATAN(C14) -> 0.094715746 | F14: =A14-D14*SIN(E14) -> 0.01776826 | G14: =B14+D14*COS(E14) -> 0.025442002 | H14: =A14+D14*SIN(E14) -> 0.02223174 | I14: =B14-D14*COS(E14) -> -0.021542002
A15: 0.03 | B15: =IF(A15<$H$7,(($G$7/$H$7^2)*(2*$H$7*A15-A15^2)),(($G$7/(1-$H$7)^2)*(1-2*$H$7+2*$H$7*A15-A15^2))) -> 0.0028875 | C15: =IF(A15<$H$7,(2*$G$7/$H$7^2)*($H$7-A15),(2*$G$7/(1-$H$7)^2)*($H$7-A15)) -> 0.0925 | D15: =($I$7/0.2)*(0.2969*A15^0.5-0.126*A15-0.3516*A15^2+0.2843*A15^3-0.1015*A15^4) -> 0.028401445 | E15: =ATAN(C15) -> 0.092237528 | F15: =A15-D15*SIN(E15) -> 0.027384034 | G15: =B15+D15*COS(E15) -> 0.031168215 | H15: =A15+D15*SIN(E15) -> 0.032615966 | I15: =B15-D15*COS(E15) -> -0.025393215
A16: 0.04 | B16: =IF(A16<$H$7,(($G$7/$H$7^2)*(2*$H$7*A16-A16^2)),(($G$7/(1-$H$7)^2)*(1-2*$H$7+2*$H$7*A16-A16^2))) -> 0.0038 | C16: =IF(A16<$H$7,(2*$G$7/$H$7^2)*($H$7-A16),(2*$G$7/(1-$H$7)^2)*($H$7-A16)) -> 0.09 | D16: =($I$7/0.2)*(0.2969*A16^0.5-0.126*A16-0.3516*A16^2+0.2843*A16^3-0.1015*A16^4) -> 0.032277225 | E16: =ATAN(C16) -> 0.089758174 | F16: =A16-D16*SIN(E16) -> 0.037106744 | G16: =B16+D16*COS(E16) -> 0.035947291 | H16: =A16+D16*SIN(E16) -> 0.042893256 | I16: =B16-D16*COS(E16) -> -0.028347291
A17: 0.05 | B17: =IF(A17<$H$7,(($G$7/$H$7^2)*(2*$H$7*A17-A17^2)),(($G$7/(1-$H$7)^2)*(1-2*$H$7+2*$H$7*A17-A17^2))) -> 0.0046875 | C17: =IF(A17<$H$7,(2*$G$7/$H$7^2)*($H$7-A17),(2*$G$7/(1-$H$7)^2)*($H$7-A17)) -> 0.0875 | D17: =($I$7/0.2)*(0.2969*A17^0.5-0.126*A17-0.3516*A17^2+0.2843*A17^3-0.1015*A17^4) -> 0.035546857 | E17: =ATAN(C17) -> 0.087277713 | F17: =A17-D17*SIN(E17) -> 0.046901489 | G17: =B17+D17*COS(E17) -> 0.040099055 | H17: =A17+D17*SIN(E17) -> 0.053098511 | I17: =B17-D17*COS(E17) -> -0.030724055
A18: 0.06 | B18: =IF(A18<$H$7,(($G$7/$H$7^2)*(2*$H$7*A18-A18^2)),(($G$7/(1-$H$7)^2)*(1-2*$H$7+2*$H$7*A18-A18^2))) -> 0.00555 | C18: =IF(A18<$H$7,(2*$G$7/$H$7^2)*($H$7-A18),(2*$G$7/(1-$H$7)^2)*($H$7-A18)) -> 0.085 | D18: =($I$7/0.2)*(0.2969*A18^0.5-0.126*A18-0.3516*A18^2+0.2843*A18^3-0.1015*A18^4) -> 0.03837581 | E18: =ATAN(C18) -> 0.084796175 | F18: =A18-D18*SIN(E18) -> 0.056749776 | G18: =B18+D18*COS(E18) -> 0.043787924 | H18: =A18+D18*SIN(E18) -> 0.063250224 | I18: =B18-D18*COS(E18) -> -0.032687924
A19: 0.07 | B19: =IF(A19<$H$7,(($G$7/$H$7^2)*(2*$H$7*A19-A19^2)),(($G$7/(1-$H$7)^2)*(1-2*$H$7+2*$H$7*A19-A19^2))) -> 0.0063875 | C19: =IF(A19<$H$7,(2*$G$7/$H$7^2)*($H$7-A19),(2*$G$7/(1-$H$7)^2)*($H$7-A19)) -> 0.0825 | D19: =($I$7/0.2)*(0.2969*A19^0.5-0.126*A19-0.3516*A19^2+0.2843*A19^3-0.1015*A19^4) -> 0.040862757 | E19: =ATAN(C19) -> 0.082313589 | F19: =A19-D19*SIN(E19) -> 0.066640237 | G19: =B19+D19*COS(E19) -> 0.047111901 | H19: =A19+D19*SIN(E19) -> 0.073359763 | I19: =B19-D19*COS(E19) -> -0.034336901
A20: 0.08 | B20: =IF(A20<$H$7,(($G$7/$H$7^2)*(2*$H$7*A20-A20^2)),(($G$7/(1-$H$7)^2)*(1-2*$H$7+2*$H$7*A20-A20^2))) -> 0.0072 | C20: =IF(A20<$H$7,(2*$G$7/$H$7^2)*($H$7-A20),(2*$G$7/(1-$H$7)^2)*($H$7-A20)) -> 0.08 | D20: =($I$7/0.2)*(0.2969*A20^0.5-0.126*A20-0.3516*A20^2+0.2843*A20^3-0.1015*A20^4) -> 0.043072299 | E20: =ATAN(C20) -> 0.079829986 | F20: =A20-D20*SIN(E20) -> 0.07656519 | G20: =B20+D20*COS(E20) -> 0.050135126 | H20: =A20+D20*SIN(E20) -> 0.08343481 | I20: =B20-D20*COS(E20) -> -0.035735126
A21: 0.09 | B21: =IF(A21<$H$7,(($G$7/$H$7^2)*(2*$H$7*A21-A21^2)),(($G$7/(1-$H$7)^2)*(1-2*$H$7+2*$H$7*A21-A21^2))) -> 0.0079875 | C21: =IF(A21<$H$7,(2*$G$7/$H$7^2)*($H$7-A21),(2*$G$7/(1-$H$7)^2)*($H$7-A21)) -> 0.0775 | D21: =($I$7/0.2)*(0.2969*A21^0.5-0.126*A21-0.3516*A21^2+0.2843*A21^3-0.1015*A21^4) -> 0.045049581 | E21: =ATAN(C21) -> 0.077345395 | F21: =A21-D21*SIN(E21) -> 0.086519095 | G21: =B21+D21*COS(E21) -> 0.052902398 | H21: =A21+D21*SIN(E21) -> 0.093480905 | I21: =B21-D21*COS(E21) -> -0.036927398
A22: 0.1 | B22: =IF(A22<$H$7,(($G$7/$H$7^2)*(2*$H$7*A22-A22^2)),(($G$7/(1-$H$7)^2)*(1-2*$H$7+2*$H$7*A22-A22^2))) -> 0.00875 | C22: =IF(A22<$H$7,(2*$G$7/$H$7^2)*($H$7-A22),(2*$G$7/(1-$H$7)^2)*($H$7-A22)) -> 0.075 | D22: =($I$7/0.2)*(0.2969*A22^0.5-0.126*A22-0.3516*A22^2+0.2843*A22^3-0.1015*A22^4) -> 0.046827704 | E22: =ATAN(C22) -> 0.074859848 | F22: =A22-D22*SIN(E22) -> 0.096497758 | G22: =B22+D22*COS(E22) -> 0.055446554 | H22: =A22+D22*SIN(E22) -> 0.10350224 | I22: =B22-D22*COS(E22) -> -0.037946554
A23: 0.11 | B23: =IF(A23<$H$7,(($G$7/$H$7^2)*(2*$H$7*A23-A23^2)),(($G$7/(1-$H$7)^2)*(1-2*$H$7+2*$H$7*A23-A23^2))) -> 0.0094875 | C23: =IF(A23<$H$7,(2*$G$7/$H$7^2)*($H$7-A23),(2*$G$7/(1-$H$7)^2)*($H$7-A23)) -> 0.0725 | D23: =($I$7/0.2)*(0.2969*A23^0.5-0.126*A23-0.3516*A23^2+0.2843*A23^3-0.1015*A23^4) -> 0.048431864 | E23: =ATAN(C23) -> 0.072373373 | F23: =A23-D23*SIN(E23) -> 0.10649788 | G23: =B23+D23*COS(E23) -> 0.057792578 | H23: =A23+D23*SIN(E23) -> 0.11350212 | I23: =B23-D23*COS(E23) -> -0.038817578
... A112: 1 | B112: =IF(A112<$H$7,(($G$7/$H$7^2)*(2*$H$7*A112-A112^2)),(($G$7/(1-$H$7)^2)*(1-2*$H$7+2*$H$7*A112-A112^2))) -> 0 | C112: =IF(A112<$H$7,(2*$G$7/$H$7^2)*($H$7-A112),(2*$G$7/(1-$H$7)^2)*($H$7-A112)) -> -0.066666667 | D112: =($I$7/0.2)*(0.2969*A112^0.5-0.126*A112-0.3516*A112^2+0.2843*A112^3-0.1015*A112^4) -> 0.00126 | E112: =ATAN(C112) -> -0.066568164 | F112: =A112-D112*SIN(E112) -> 1.0000838 | G112: =B112+D112*COS(E112) -> 0.0012572093 | H112: =A112+D112*SIN(E112) -> 0.99991619 | I112: =B112-D112*COS(E112) -> -0.0012572093

Sheet Points
A1: #Group | B1: Point | C1: X_cord | D1: Y_cord | E1: Z_cord
A2: 1 | B2: 1 | C2: =nsiv.io!F112 -> 1.0000838 | D2: =nsiv.io!G112 -> 0.0012572093 | E2: 0
A3: 1 | B3: 2 | C3: =nsiv.io!F111 -> 0.99017364 | D3: =nsiv.io!G111 -> 0.003309898 | E3: 0
A4: 1 | B4: 3 | C4: =nsiv.io!F110 -> 0.9802593 | D4: =nsiv.io!G110 -> 0.0053346938 | E4: 0
A5: 1 | B5: 4 | C5: =nsiv.io!F109 -> 0.97034086 | D5: =nsiv.io!G109 -> 0.0073319341 | E5: 0
A6: 1 | B6: 5 | C6: =nsiv.io!F108 -> 0.96041839 | D6: =nsiv.io!G108 -> 0.0093019402 | E6: 0
A7: 1 | B7: 6 | C7: =nsiv.io!F107 -> 0.95049198 | D7: =nsiv.io!G107 -> 0.011245017 | E7: 0
A8: 1 | B8: 7 | C8: =nsiv.io!F106 -> 0.94056169 | D8: =nsiv.io!G106 -> 0.013161454 | E8: 0
A9: 1 | B9: 8 | C9: =nsiv.io!F105 -> 0.93062758 | D9: =nsiv.io!G105 -> 0.015051522 | E9: 0
A10: 1 | B10: 9 | C10: =nsiv.io!F104 -> 0.92068973 | D10: =nsiv.io!G104 -> 0.016915478 | E10: 0
A11: 1 | B11: 10 | C11: =nsiv.io!F103 -> 0.9107482 | D11: =nsiv.io!G103 -> 0.018753561 | E11: 0
A12: 1 | B12: 11 | C12: =nsiv.io!F102 -> 0.90080305 | D12: =nsiv.io!G102 -> 0.020565994 | E12: 0
A13: 1 | B13: 12 | C13: =nsiv.io!F101 -> 0.89085434 | D13: =nsiv.io!G101 -> 0.022352983 | E13: 0
A14: 1 | B14: 13 | C14: =nsiv.io!F100 -> 0.88090212 | D14: =nsiv.io!G100 -> 0.024114716 | E14: 0
A15: 1 | B15: 14 | C15: =nsiv.io!F99 -> 0.87094645 | D15: =nsiv.io!G99 -> 0.025851365 | E15: 0
A16: 1 | B16: 15 | C16: =nsiv.io!F98 -> 0.8609874 | D16: =nsiv.io!G98 -> 0.027563087 | E16: 0
A17: 1 | B17: 16 | C17: =nsiv.io!F97 -> 0.851025 | D17: =nsiv.io!G97 -> 0.029250018 | E17: 0
A18: 1 | B18: 17 | C18: =nsiv.io!F96 -> 0.84105932 | D18: =nsiv.io!G96 -> 0.030912279 | E18: 0
A19: 1 | B19: 18 | C19: =nsiv.io!F95 -> 0.83109039 | D19: =nsiv.io!G95 -> 0.032549973 | E19: 0
A20: 1 | B20: 19 | C20: =nsiv.io!F94 -> 0.82111828 | D20: =nsiv.io!G94 -> 0.034163186 | E20: 0
A21: 1 | B21: 20 | C21: =nsiv.io!F93 -> 0.81114303 | D21: =nsiv.io!G93 -> 0.035751986 | E21: 0
A22: 1 | B22: 21 | C22: =nsiv.io!F92 -> 0.80116468 | D22: =nsiv.io!G92 -> 0.037316422 | E22: 0
A23: 1 | B23: 22 | C23: =nsiv.io!F91 -> 0.79118328 | D23: =nsiv.io!G91 -> 0.038856527 | E23: 0
A24: 1 | B24: 23 | C24: =nsiv.io!F90 -> 0.78119888 | D24: =nsiv.io!G90 -> 0.040372314 | E24: 0
A25: 1 | B25: 24 | C25: =nsiv.io!F89 -> 0.77121152 | D25: =nsiv.io!G89 -> 0.04186378 | E25: 0
A26: 1 | B26: 25 | C26: =nsiv.io!F88 -> 0.76122124 | D26: =nsiv.io!G88 -> 0.043330901 | E26: 0
A27: 1 | B27: 26 | C27: =nsiv.io!F87 -> 0.75122808 | D27: =nsiv.io!G87 -> 0.044773636 | E27: 0
A28: 1 | B28: 27 | C28: =nsiv.io!F86 -> 0.74123209 | D28: =nsiv.io!G86 -> 0.046191925 | E28: 0
A29: 1 | B29: 28 | C29: =nsiv.io!F85 -> 0.73123331 | D29: =nsiv.io!G85 -> 0.047585687 | E29: 0
A30: 1 | B30: 29 | C30: =nsiv.io!F84 -> 0.72123178 | D30: =nsiv.io!G84 -> 0.048954824 | E30: 0
A31: 1 | B31: 30 | C31: =nsiv.io!F83 -> 0.71122753 | D31: =nsiv.io!G83 -> 0.050299217 | E31: 0
A32: 1 | B32: 31 | C32: =nsiv.io!F82 -> 0.70122062 | D32: =nsiv.io!G82 -> 0.051618729 | E32: 0
A33: 1 | B33: 32 | C33: =nsiv.io!F81 -> 0.69121109 | D33: =nsiv.io!G81 -> 0.052913201 | E33: 0
A34: 1 | B34: 33 | C34: =nsiv.io!F80 -> 0.68119896 | D34: =nsiv.io!G80 -> 0.054182454 | E34: 0
A35: 1 | B35: 34 | C35: =nsiv.io!F79 -> 0.67118429 | D35: =nsiv.io!G79 -> 0.05542629 | E35: 0
A36: 1 | B36: 35 | C36: =nsiv.io!F78 -> 0.66116711 | D36: =nsiv.io!G78 -> 0.056644487 | E36: 0
A37: 1 | B37: 36 | C37: =nsiv.io!F77 -> 0.65114747 | D37: =nsiv.io!G77 -> 0.057836805 | E37: 0
A38: 1 | B38: 37 | C38: =nsiv.io!F76 -> 0.64112541 | D38: =nsiv.io!G76 -> 0.05900298 | E38: 0
A39: 1 | B39: 38 | C39: =nsiv.io!F75 -> 0.63110097 | D39: =nsiv.io!G75 -> 0.060142727 | E39: 0
A40: 1 | B40: 39 | C40: =nsiv.io!F74 -> 0.6210742 | D40: =nsiv.io!G74 -> 0.061255738 | E40: 0
A41: 1 | B41: 40 | C41: =nsiv.io!F73 -> 0.61104514 | D41: =nsiv.io!G73 -> 0.062341682 | E41: 0
A42: 1 | B42: 41 | C42: =nsiv.io!F72 -> 0.60101383 | D42: =nsiv.io!G72 -> 0.063400205 | E42: 0
A43: 1 | B43: 42 | C43: =nsiv.io!F71 -> 0.59098033 | D43: =nsiv.io!G71 -> 0.064430929 | E43: 0
A44: 1 | B44: 43 | C44: =nsiv.io!F70 -> 0.58094467 | D44: =nsiv.io!G70 -> 0.065433451 | E44: 0
A45: 1 | B45: 44 | C45: =nsiv.io!F69 -> 0.57090691 | D45: =nsiv.io!G69 -> 0.066407344 | E45: 0
A46: 1 | B46: 45 | C46: =nsiv.io!F68 -> 0.5608671 | D46: =nsiv.io!G68 -> 0.067352153 | E46: 0
A47: 1 | B47: 46 | C47: =nsiv.io!F67 -> 0.55082529 | D47: =nsiv.io!G67 -> 0.0682674 | E47: 0
A48: 1 | B48: 47 | C48: =nsiv.io!F66 -> 0.54078153 | D48: =nsiv.io!G66 -> 0.069152576 | E48: 0
A49: 1 | B49: 48 | C49: =nsiv.io!F65 -> 0.53073589 | D49: =nsiv.io!G65 -> 0.070007146 | E49: 0
A50: 1 | B50: 49 | C50: =nsiv.io!F64 -> 0.52068841 | D50: =nsiv.io!G64 -> 0.070830546 | E50: 0
A51: 1 | B51: 50 | C51: =nsiv.io!F63 -> 0.51063915 | D51: =nsiv.io!G63 -> 0.071622182 | E51: 0
A52: 1 | B52: 51 | C52: =nsiv.io!F62 -> 0.50058819 | D52: =nsiv.io!G62 -> 0.072381429 | E52: 0
A53: 1 | B53: 52 | C53: =nsiv.io!F61 -> 0.49053558 | D53: =nsiv.io!G61 -> 0.073107629 | E53: 0
A54: 1 | B54: 53 | C54: =nsiv.io!F60 -> 0.48048138 | D54: =nsiv.io!G60 -> 0.073800091 | E54: 0
A55: 1 | B55: 54 | C55: =nsiv.io!F59 -> 0.47042568 | D55: =nsiv.io!G59 -> 0.074458091 | E55: 0
A56: 1 | B56: 55 | C56: =nsiv.io!F58 -> 0.46036854 | D56: =nsiv.io!G58 -> 0.075080866 | E56: 0
A57: 1 | B57: 56 | C57: =nsiv.io!F57 -> 0.45031004 | D57: =nsiv.io!G57 -> 0.075667617 | E57: 0
A58: 1 | B58: 57 | C58: =nsiv.io!F56 -> 0.44025025 | D58: =nsiv.io!G56 -> 0.076217503 | E58: 0
A59: 1 | B59: 58 | C59: =nsiv.io!F55 -> 0.43018927 | D59: =nsiv.io!G55 -> 0.076729645 | E59: 0
A60: 1 | B60: 59 | C60: =nsiv.io!F54 -> 0.42012717 | D60: =nsiv.io!G54 -> 0.077203115 | E60: 0
A61: 1 | B61: 60 | C61: =nsiv.io!F53 -> 0.41006405 | D61: =nsiv.io!G53 -> 0.077636944 | E61: 0
A62: 1 | B62: 61 | C62: =nsiv.io!F52 -> 0.4 | D62: =nsiv.io!G52 -> 0.078030108 | E62: 0
A63: 1 | B63: 62 | C63: =nsiv.io!F51 -> 0.38985403 | D63: =nsiv.io!G51 -> 0.078374445 | E63: 0
A64: 1 | B64: 63 | C64: =nsiv.io!F50 -> 0.37970644 | D64: =nsiv.io!G50 -> 0.078661731 | E64: 0
A65: 1 | B65: 64 | C65: =nsiv.io!F49 -> 0.36955748 | D65: =nsiv.io!G49 -> 0.078890773 | E65: 0
A66: 1 | B66: 65 | C66: =nsiv.io!F48 -> 0.3594074 | D66: =nsiv.io!G48 -> 0.079060315 | E66: 0
A67: 1 | B67: 66 | C67: =nsiv.io!F47 -> 0.34925648 | D67: =nsiv.io!G47 -> 0.079169035 | E67: 0
A68: 1 | B68: 67 | C68: =nsiv.io!F46 -> 0.33910502 | D68: =nsiv.io!G46 -> 0.079215537 | E68: 0
A69: 1 | B69: 68 | C69: =nsiv.io!F45 -> 0.32895331 | D69: =nsiv.io!G45 -> 0.079198345 | E69: 0
A70: 1 | B70: 69 | C70: =nsiv.io!F44 -> 0.31880168 | D70: =nsiv.io!G44 -> 0.079115898 | E70: 0
A71: 1 | B71: 70 | C71: =nsiv.io!F43 -> 0.30865047 | D71: =nsiv.io!G43 -> 0.078966543 | E71: 0
A72: 1 | B72: 71 | C72: =nsiv.io!F42 -> 0.29850004 | D72: =nsiv.io!G42 -> 0.07874852 | E72: 0
A73: 1 | B73: 72 | C73: =nsiv.io!F41 -> 0.28835076 | D73: =nsiv.io!G41 -> 0.078459959 | E73: 0
A74: 1 | B74: 73 | C74: =nsiv.io!F40 -> 0.27820303 | D74: =nsiv.io!G40 -> 0.078098862 | E74: 0
A75: 1 | B75: 74 | C75: =nsiv.io!F39 -> 0.26805729 | D75: =nsiv.io!G39 -> 0.077663093 | E75: 0
A76: 1 | B76: 75 | C76: =nsiv.io!F38 -> 0.25791399 | D76: =nsiv.io!G38 -> 0.077150359 | E76: 0
A77: 1 | B77: 76 | C77: =nsiv.io!F37 -> 0.2477736 | D77: =nsiv.io!G37 -> 0.076558192 | E77: 0
A78: 1 | B78: 77 | C78: =nsiv.io!F36 -> 0.23763664 | D78: =nsiv.io!G36 -> 0.075883923 | E78: 0
A79: 1 | B79: 78 | C79: =nsiv.io!F35 -> 0.22750367 | D79: =nsiv.io!G35 -> 0.075124659 | E79: 0
A80: 1 | B80: 79 | C80: =nsiv.io!F34 -> 0.21737527 | D80: =nsiv.io!G34 -> 0.07427725 | E80: 0
A81: 1 | B81: 80 | C81: =nsiv.io!F33 -> 0.20725209 | D81: =nsiv.io!G33 -> 0.073338244 | E81: 0
A82: 1 | B82: 81 | C82: =nsiv.io!F32 -> 0.19713481 | D82: =nsiv.io!G32 -> 0.072303845 | E82: 0
A83: 1 | B83: 82 | C83: =nsiv.io!F31 -> 0.18702418 | D83: =nsiv.io!G31 -> 0.071169851 | E83: 0
A84: 1 | B84: 83 | C84: =nsiv.io!F30 -> 0.17692101 | D84: =nsiv.io!G30 -> 0.069931581 | E84: 0
A85: 1 | B85: 84 | C85: =nsiv.io!F29 -> 0.16682621 | D85: =nsiv.io!G29 -> 0.068583784 | E85: 0
A86: 1 | B86: 85 | C86: =nsiv.io!F28 -> 0.15674077 | D86: =nsiv.io!G28 -> 0.067120519 | E86: 0
A87: 1 | B87: 86 | C87: =nsiv.io!F27 -> 0.14666578 | D87: =nsiv.io!G27 -> 0.065535009 | E87: 0
A88: 1 | B88: 87 | C88: =nsiv.io!F26 -> 0.13660249 | D88: =nsiv.io!G26 -> 0.063819442 | E88: 0
A89: 1 | B89: 88 | C89: =nsiv.io!F25 -> 0.12655229 | D89: =nsiv.io!G25 -> 0.061964709 | E89: 0
A90: 1 | B90: 89 | C90: =nsiv.io!F24 -> 0.1165168 | D90: =nsiv.io!G24 -> 0.059960053 | E90: 0
A91: 1 | B91: 90 | C91: =nsiv.io!F23 -> 0.10649788 | D91: =nsiv.io!G23 -> 0.057792578 | E91: 0
A92: 1 | B92: 91 | C92: =nsiv.io!F22 -> 0.096497758 | D92: =nsiv.io!G22 -> 0.055446554 | E92: 0
A93: 1 | B93: 92 | C93: =nsiv.io!F21 -> 0.086519095 | D93: =nsiv.io!G21 -> 0.052902398 | E93: 0
A94: 1 | B94: 93 | C94: =nsiv.io!F20 -> 0.07656519 | D94: =nsiv.io!G20 -> 0.050135126 | E94: 0
A95: 1 | B95: 94 | C95: =nsiv.io!F19 -> 0.066640237 | D95: =nsiv.io!G19 -> 0.047111901 | E95: 0
A96: 1 | B96: 95 | C96: =nsiv.io!F18 -> 0.056749776 | D96: =nsiv.io!G18 -> 0.043787924 | E96: 0
A97: 1 | B97: 96 | C97: =nsiv.io!F17 -> 0.046901489 | D97: =nsiv.io!G17 -> 0.040099055 | E97: 0
A98: 1 | B98: 97 | C98: =nsiv.io!F16 -> 0.037106744 | D98: =nsiv.io!G16 -> 0.035947291 | E98: 0
A99: 1 | B99: 98 | C99: =nsiv.io!F15 -> 0.027384034 | D99: =nsiv.io!G15 -> 0.031168215 | E99: 0
A100: 1 | B100: 99 | C100: =nsiv.io!F14 -> 0.01776826 | D100: =nsiv.io!G14 -> 0.025442002 | E100: 0
...
